,SSC_CODE_2016,SSC_NAME_2016,1st_language,2nd_language,3rd_language,Latitude,Longitude,Primary_school_ranking,Secondary_school_ranking,yr12_school_ranking,The median of Housing price (k Dollars)
0,12321,Lilli Pilli,24.0,17.0,15,-34.068333,151.115833,0,0,0,2400.0
1,14344,Wisemans Ferry,17.0,50.0,1,-33.381944,150.985,0,0,0,0.0
2,11213,Darlington,44.0,7.0,1,-33.890334,151.19661,0,0,0,1400.0
3,11392,Elderslie,16.0,23.0,52,-34.05462,150.7125,0,0,0,660.0
4,12273,Lansdowne,16.0,23.0,52,-31.783056,152.534444,0,0,0,0.0
5,12164,Kingswood,32.0,2.0,5,-33.759,150.72,0,0,0,0.0
6,13546,Silverwater,24.0,16.0,23,-33.8339902,151.0482995,0,0,0,950.0
7,10233,Baulkham Hills,32.0,7.0,28,-33.7619106,150.9929255,['5'],['6'],['9'],1200.0
8,10263,Bella Vista,32.0,20.0,45,-33.7385583,150.9502708,0,0,0,1700.0
9,11667,Glenhaven,24.0,2.0,32,-33.70547,151.00334,0,0,0,1600.0
10,10847,Castle Hill,32.0,7.0,28,-33.7311837,151.0042006,"['50,76']",0,['90'],1500.0
11,14249,West Pennant Hills,32.0,7.0,28,-33.7529959,151.0257317,0,0,0,1600.0
12,10898,Cherrybrook,32.0,7.0,28,-33.7251,151.04931,"['48,55']","['57,71']",['89'],1500.0
13,12088,Kellyville,32.0,7.0,20,-33.7111451,150.9550731,['90'],['64'],['99'],1200.0
14,12100,Kenthurst,24.0,2.0,32,-33.6693,151.00158,0,['63'],['85'],2300.0
15,11673,Glenorie,2.0,24.0,28,-33.60224,151.00247,0,0,0,1300.0
16,12500,Maroota,31.0,24.0,17,-33.4540456,150.9889238,0,0,0,0.0
17,10794,Canoelands,42.0,0.0,2,-33.50824,151.06178,0,0,0,0.0
18,10859,Cattai,50.0,15.0,31,-33.5561,150.91205,0,0,0,1200.0
19,13592,South Maroota,24.0,31.0,16,-33.5241,150.9485,0,0,0,0.0
20,11328,Dural,32.0,7.0,2,-33.682,151.029,0,0,"['71,94']",1500.0
21,13459,Sackville North,13.0,16.0,7,-33.481667,150.884722,0,0,0,0.0
22,12412,Lower Portland,32.0,16.0,23,-33.442,150.879,0,0,0,0.0
23,12603,Middle Dural,24.0,2.0,32,-33.6408817,151.0180269,0,0,0,2100.0
24,10062,Annangrove,24.0,31.0,9,-33.65255,150.94096,['29'],0,0,0.0
25,11582,Galston,24.0,2.0,32,-33.65,151.043,0,0,0,1300.0
26,10072,Arcadia,24.0,32.0,2,-33.62429,151.04455,0,0,0,1400.0
27,11513,Fiddletown,24.0,7.0,31,-33.60259,151.04984,0,0,0,0.0
28,10311,Berowra Waters,1.0,16.0,23,-33.602344,151.120659,0,0,0,0.0
29,10319,Berrilee,39.0,46.0,42,-33.61547,151.09811,0,0,0,0.0
30,11156,Cumberland Reach,17.0,32.0,16,-33.456,150.896,0,0,0,0.0
31,11785,Grose Vale,24.0,17.0,31,-33.584,150.674,0,0,0,1200.0
32,11786,Grose Wold,42.0,31.0,16,-33.598611,150.684722,0,0,0,1000.0
33,12218,Kurrajong,24.0,31.0,17,-33.55,150.6667,0,0,0,0.0
34,12220,Kurrajong Hills,12.0,39.0,2,-33.533333,150.65,0,0,0,0.0
35,12215,Kurmond,18.0,31.0,7,-33.551,150.69,0,0,0,0.0
36,13842,The Slopes,31.0,16.0,23,-33.5328009,150.7069125,0,0,0,0.0
37,11356,East Kurrajong,24.0,31.0,18,-33.515278,150.767778,0,0,0,0.0
38,14288,Wilberforce,31.0,24.0,42,-33.55944,150.84055,0,0,0,783.0
39,11564,Freemans Reach,31.0,7.0,1,-33.56146,150.79787,0,0,0,830.0
40,13458,Sackville,16.0,23.0,52,-33.4876359,150.8696588,0,0,0,0.0
41,11371,Ebenezer,31.0,28.0,17,-33.5318,150.8679,0,0,0,723.0
42,11684,Glossodia,31.0,24.0,18,-33.53432,150.78231,0,0,0,623.0
43,13789,Tennyson,31.0,28.0,16,-33.536944,150.7375,0,0,0,0.0
44,14076,Vineyard,31.0,7.0,24,-33.65021,150.85619,0,0,0,1600.0
45,12542,McGraths Hill,42.0,17.0,24,-33.61939,150.84304,0,0,0,0.0
46,12484,Maraylya,31.0,2.0,24,-33.59775,150.91609,0,0,0,828.0
47,13060,Oakville,31.0,2.0,9,-33.6222,150.8669,0,0,0,1800.0
48,13226,Pitt Town,31.0,44.0,17,-33.5816502,150.8667511,0,0,0,1100.0
49,13227,Pitt Town Bottoms,7.0,31.0,13,-33.5840997,150.8463985,0,0,0,0.0
50,13429,Rouse Hill,32.0,44.0,2,-33.68162,150.91552,0,0,0,923.0
51,10243,Beaumont Hills,32.0,20.0,7,-33.7,150.941,0,0,0,1100.0
52,12922,Nelson,31.0,2.0,24,-32.715,152.151111,0,0,0,0.0
53,10539,Box Hill,31.0,24.0,18,-33.65,150.88,0,0,0,700.0
54,10397,Blacktown,38.0,20.0,2,-33.76680690000001,150.905298,0,0,0,685.0
55,12150,Kings Park,38.0,32.0,44,-33.7457198,150.9047417,0,0,0,713.0
56,10014,Acacia Gardens,38.0,20.0,44,-33.7322,150.917,0,0,0,0.0
57,13286,Quakers Hill,38.0,20.0,44,-33.7241591,150.8889765,0,0,0,0.0
58,12485,Marayong,38.0,44.0,20,-33.7495256,150.8929227,0,0,0,633.0
59,14381,Woodcroft,44.0,20.0,14,-33.759,150.878,0,0,0,0.0
60,11275,Doonside,44.0,2.0,20,-33.7639837,150.8696588,0,0,0,0.0
61,13518,Seven Hills,45.0,38.0,20,-33.7779167,150.931946,0,0,0,732.0
62,12261,Lalor Park,2.0,44.0,32,-33.7666,150.9277,0,0,0,650.0
63,12149,Kings Langley,32.0,24.0,7,-33.7499763,150.9345044,0,0,0,919.0
64,13907,Toongabbie,45.0,19.0,20,-33.7841326,150.95429,0,0,0,800.0
65,13266,Prospect,2.0,20.0,45,-33.7981153,150.9176528,0,0,0,780.0
66,11682,Glenwood,38.0,20.0,44,-33.7398598,150.9385702,0,0,0,992.0
67,13153,Parklea,20.0,38.0,44,-33.7291,150.919,0,0,0,866.0
68,13649,Stanhope Gardens,20.0,44.0,32,-33.723,150.926,0,0,0,890.0
69,12089,Kellyville Ridge,38.0,20.0,32,-33.703,150.919,0,0,0,972.0
70,13835,The Ponds,38.0,20.0,19,-33.703,150.909,0,0,0,0.0
71,13368,Riverstone,31.0,24.0,38,-33.6819,150.8594,0,0,0,725.0
72,13502,Schofields,20.0,38.0,31,-33.7,150.8833,0,0,0,0.0
73,13524,Shanes Park,31.0,7.0,2,-33.71118,150.77224,0,0,0,0.0
74,12505,Marsden Park,31.0,38.0,44,-33.68908,150.80285,0,0,0,695.0
75,10965,Colebee,20.0,44.0,38,-33.721,150.855,0,0,0,930.0
76,10340,Bidwill,40.0,2.0,48,-33.7315556,150.8231418,0,0,0,485.0
77,11886,Hebersham,20.0,2.0,40,-33.7459836,150.8245953,0,0,0,508.0
78,11248,Dharruk,2.0,40.0,20,-33.74807,150.8159,0,0,0,495.0
79,10392,Blackett,40.0,2.0,48,-33.73934,150.81266,0,0,0,460.0
80,11413,Emerton,40.0,2.0,44,-33.75,150.8027,0,0,0,470.0
81,11659,Glendenning,38.0,44.0,20,-33.7461349,150.8536426,0,0,0,648.0
82,11224,Dean Park,44.0,2.0,21,-33.7333,150.85,0,0,0,630.0
83,13230,Plumpton,44.0,20.0,50,-33.7514593,150.8412545,0,0,0,633.0
84,13058,Oakhurst,44.0,20.0,2,-33.7385688,150.8359742,0,0,0,630.0
85,11866,Hassall Grove,2.0,44.0,20,-33.7309406,150.840584,0,0,0,611.0
86,13523,Shalvey,40.0,48.0,2,-33.7270571,150.8057017,0,0,0,510.0
87,14302,Willmot,40.0,2.0,50,-33.7254,150.79238,0,0,0,408.0
88,13934,Tregear,40.0,2.0,48,-33.75,150.7944,0,0,0,430.0
89,12307,Lethbridge Park,40.0,2.0,48,-33.7374293,150.8013419,0,0,0,486.0
90,13397,Ropes Crossing,44.0,19.0,20,-33.733,150.791,0,0,0,0.0
91,12756,Mount Druitt,50.0,2.0,44,-33.7722,150.8194,0,0,0,653.0
92,14266,Whalan,40.0,2.0,20,-33.7583,150.8083,0,0,0,470.0
93,11366,Eastern Creek,2.0,44.0,20,-33.8071983,150.8514864,0,0,0,0.0
94,12633,Minchinbury,44.0,2.0,20,-33.7896243,150.8369469,0,0,0,730.0
95,13395,Rooty Hill,44.0,14.0,20,-33.7715246,150.843841,0,0,0,0.0
96,10517,Botany,32.0,18.0,42,-33.9469267,151.1973167,0,0,0,1500.0
97,12519,Mascot,32.0,22.0,7,-33.9296324,151.1946223,0,0,0,1300.0
98,11368,Eastlakes,6.0,18.0,22,-33.9272474,151.2106299,0,0,0,1400.0
99,13405,Rosebery,32.0,18.0,7,-33.9221918,151.201678,0,0,0,1700.0
100,13125,Pagewood,18.0,32.0,22,-33.9406443,151.2154524,0,0,0,1800.0
101,11185,Daceyville,18.0,32.0,39,-33.92793,151.22349,0,0,0,0.0
102,11911,Hillsdale,6.0,42.0,4,-33.95493,151.22875,0,0,0,0.0
103,11367,Eastgardens,18.0,32.0,22,-33.946,151.225,0,0,0,1500.0
104,12524,Matraville,7.0,32.0,18,-33.9613,151.2315,0,0,0,1600.0
105,12504,Marrickville,18.0,51.0,2,-33.908667,151.1524142,0,0,0,1400.0
106,13190,Petersham,37.0,18.0,42,-33.8962174,151.1541497,0,['13'],['19'],1400.0
107,11303,Dulwich Hill,18.0,2.0,51,-33.90332679999999,151.1424436,0,0,0,1500.0
108,12960,Newtown,32.0,18.0,42,-33.8978149,151.1785003,0,0,0,1400.0
109,12313,Lewisham,18.0,37.0,42,-33.8949,151.144415,0,0,0,1400.0
110,13650,Stanmore,18.0,24.0,37,-33.8934542,151.1643805,['51'],['62'],0,1500.0
111,10781,Camperdown,32.0,7.0,42,-33.88622429999999,151.1791091,0,0,0,1300.0
112,11425,Enmore,18.0,42.0,51,-33.90067,151.16768,0,0,0,1400.0
113,13644,St Peters,7.0,51.0,29,-33.9155155,151.1746184,0,0,0,1300.0
114,13714,Sydenham,46.0,18.0,51,-33.9158055,151.1679944,0,0,0,1200.0
115,13785,Tempe,29.0,51.0,7,-33.925048,151.1604169,0,['75'],0,1200.0
116,11212,Darlinghurst,46.0,42.0,15,-33.8780176,151.2204441,['1'],['9'],"['4,16']",2000.0
117,11439,Erskineville,32.0,42.0,7,-33.90476,151.18479,['74'],0,0,1500.0
118,10030,Alexandria,32.0,7.0,42,-33.9080273,151.1902576,0,0,0,1600.0
119,11641,Glebe,32.0,51.0,42,-33.8797767,151.1869715,0,0,0,1700.0
120,11546,Forest Lodge,32.0,7.0,42,-33.88396,151.1815,0,0,0,1700.0
121,10061,Annandale,24.0,32.0,42,-33.8814,151.1707,['99'],0,0,1600.0
122,11214,Darlington,32.0,7.0,51,-33.890334,151.19661,0,0,0,1400.0
123,13256,Potts Point,42.0,24.0,15,-33.86795,151.22411,0,0,['59'],0.0
124,11395,Elizabeth Bay,15.0,42.0,24,-33.87143,151.22841,0,0,0,0.0
125,14406,Woolloomooloo,32.0,42.0,15,-33.8704,151.2223,0,0,0,0.0
126,13444,Rushcutters Bay,37.0,42.0,15,-33.8742991,151.2284588,0,0,0,0.0
127,13284,Pyrmont,32.0,7.0,28,-33.8737167,151.1956918,0,0,0,0.0
128,14006,Ultimo,32.0,7.0,46,-33.88223,151.19696,['81'],['91'],['60'],0.0
129,13339,Redfern,32.0,7.0,42,-33.892963,151.2053979,0,0,0,1400.0
130,11471,Eveleigh,51.0,7.0,32,-33.895,151.191,0,0,0,0.0
131,10907,Chippendale,32.0,7.0,22,-33.8863,151.1999,0,0,0,1400.0
132,13699,Surry Hills,46.0,32.0,7,-33.886111,151.211111,['14'],"['4,5']","['6,10']",1800.0
133,11877,Haymarket,46.0,32.0,22,-33.88092,151.20294,0,0,0,0.0
134,11222,Dawes Point,32.0,15.0,24,-33.856,151.207,0,0,0,0.0
135,12619,Millers Point,32.0,25.0,7,-33.86085,151.20281,0,0,0,0.0
136,10191,Barangaroo,32.0,25.0,17,-33.8637941,151.2022304,0,0,0,0.0
137,10165,Balmain East,42.0,15.0,32,-33.85811,151.19017,0,0,0,2800.0
138,13840,The Rocks,32.0,25.0,7,-33.85985,151.20901,0,0,0,0.0
139,14183,Waterloo,32.0,39.0,7,-33.9002604,151.2061803,0,0,0,1100.0
140,14524,Zetland,32.0,7.0,22,-33.908,151.2105,0,0,0,0.0
141,10239,Beaconsfield,22.0,7.0,32,-33.91096,151.19995,0,0,0,1600.0
142,10594,Bronte,15.0,24.0,18,-33.90532,151.26069,0,0,0,3400.0
143,13741,Tamarama,15.0,24.0,18,-33.898,151.268,0,0,0,5100.0
144,10464,Bondi,37.0,39.0,42,-33.89195,151.26099,0,0,0,2700.0
145,10465,Bondi Beach,42.0,15.0,37,-33.8914755,151.2766845,0,0,0,2800.0
146,12984,North Bondi,0.0,24.0,37,-33.8879,151.2808,0,0,0,2800.0
147,14200,Waverley,39.0,42.0,24,-33.899693,151.2554202,['88'],['50'],"['17,96']",2500.0
148,10467,Bondi Junction,32.0,37.0,39,-33.89145,151.2497,0,['94'],['38'],2000.0
149,13294,Queens Park,18.0,42.0,32,-33.901,151.248,0,0,0,2700.0
150,10873,Centennial Park,42.0,32.0,37,-33.8942521,151.2330449,0,0,0,4000.0
151,11211,Darling Point,32.0,15.0,7,-33.87021,151.23746,0,0,0,5800.0
152,11379,Edgecliff,42.0,7.0,15,-33.8799875,151.2357452,['40'],['41'],['24'],2000.0
153,11281,Double Bay,32.0,15.0,42,-33.8775,151.2412,0,0,0,4200.0
154,10271,Bellevue Hill,0.0,32.0,39,-33.88101,151.25253,"['44,70,89']","['45,52']","['30,61']",5800.0
155,13398,Rose Bay,0.0,39.0,18,-33.8754209,151.265623,['3'],"['28,81']","['15,36']",3900.0
156,13115,Paddington,15.0,42.0,24,-33.8850215,151.2262353,['38'],0,0,2400.0
157,13233,Point Piper,32.0,18.0,24,-33.87045,151.25097,0,0,0,0.0
158,14071,Vaucluse,32.0,18.0,39,-33.85582,151.2712,0,0,0,5200.0
159,11284,Dover Heights,39.0,0.0,18,-33.87185,151.27837,0,0,0,3600.0
160,14187,Watsons Bay,15.0,18.0,17,-33.8398183,151.2816573,0,0,0,0.0
161,14404,Woollahra,32.0,15.0,42,-33.8864746,151.2422139,"['18,25']",['33'],['8'],3100.0
162,10938,Clovelly,15.0,18.0,24,-33.9121,151.2629,0,0,0,3000.0
163,13579,South Coogee,18.0,39.0,32,-33.933,151.259,0,0,0,2400.0
164,11015,Coogee,15.0,42.0,18,-33.919,151.2555,0,0,0,2700.0
165,12230,La Perouse,18.0,24.0,32,-33.9888,151.232,0,0,0,0.0
166,12349,Little Bay,32.0,7.0,15,-33.98054,151.24301,0,0,0,1800.0
167,12453,Malabar,18.0,32.0,7,-33.9656,151.2487,0,0,0,2100.0
168,10901,Chifley,18.0,32.0,7,-33.969,151.24,0,0,0,1700.0
169,13193,Phillip Bay,18.0,7.0,24,-33.9781348,151.2321019,0,0,0,0.0
170,12099,Kensington,32.0,7.0,18,-33.910021,151.2232749,['39'],0,0,2600.0
171,12156,Kingsford,32.0,18.0,7,-33.92457,151.22765,0,0,0,2100.0
172,12501,Maroubra,32.0,18.0,7,-33.9495,151.2437,['83'],0,['98'],1900.0
173,13312,Randwick,32.0,42.0,18,-33.9131545,151.2420352,"['13,49,57,93']","['58,96']","['41,64']",2500.0
174,11601,Georges Hall,2.0,51.0,18,-33.91217,150.98557,0,0,0,845.0
175,10224,Bass Hill,2.0,51.0,18,-33.90092,150.9949,0,0,0,780.0
176,14453,Yagoona,2.0,51.0,29,-33.9073112,151.0204821,0,0,0,804.0
177,14074,Villawood,2.0,51.0,7,-33.881495,150.9821162,['80'],0,0,691.0
178,11757,Greenacre,2.0,18.0,51,-33.9077605,151.0643509,['62'],['31'],['33'],910.0
179,13255,Potts Hill,28.0,51.0,2,-33.89,151.03,0,0,0,0.0
180,12625,Milperra,2.0,18.0,51,-33.9370869,150.9827465,0,0,0,851.0
181,13355,Revesby,2.0,51.0,32,-33.9452471,151.018035,0,0,0,935.0
182,11001,Condell Park,2.0,51.0,18,-33.92498,151.00769,0,0,0,860.0
183,10180,Bankstown,2.0,51.0,32,-33.91817,151.03497,0,0,['95'],926.0
184,12774,Mount Lewis,2.0,18.0,51,-33.915,151.051,0,0,0,1100.0
185,13273,Punchbowl,2.0,51.0,18,-33.9324629,151.049487,0,0,0,830.0
186,13120,Padstow,7.0,2.0,32,-33.9504502,151.0309,0,0,0,952.0
187,13121,Padstow Heights,18.0,2.0,29,-33.973,151.035,0,0,0,881.0
188,13144,Panania,2.0,51.0,18,-33.95793,151.002,0,0,0,935.0
189,11351,East Hills,2.0,51.0,32,-33.96396,150.98974,0,0,0,895.0
190,13199,Picnic Point,2.0,18.0,32,-33.96929,151.00624,0,0,0,1000.0
191,13356,Revesby Heights,2.0,18.0,32,-33.96806,151.01773,0,0,0,904.0
192,10379,Birrong,51.0,2.0,7,-33.893,151.023,0,0,0,800.0
193,10279,Belmore,18.0,2.0,32,-33.919672,151.0896126,0,0,0,1000.0
194,10257,Belfield,2.0,28.0,24,-33.905,151.084,0,0,0,1200.0
195,10782,Campsie,32.0,7.0,34,-33.9130393,151.1040623,0,0,0,1100.0
196,10797,Canterbury,32.0,18.0,51,-33.9126,151.118,0,0,0,1200.0
197,10928,Clemton Park,18.0,2.0,32,-33.9258275,151.104641,0,0,0,1200.0
198,11343,Earlwood,18.0,2.0,24,-33.922442,151.1286591,['73'],0,0,1400.0
199,12158,Kingsgrove,18.0,7.0,2,-33.9386352,151.100641,['15'],0,['66'],1200.0
200,13371,Riverwood,32.0,7.0,2,-33.95086149999999,151.0523782,0,0,0,879.0
201,13409,Roselands,2.0,18.0,32,-33.9369131,151.074461,0,0,0,972.0
202,10331,Beverly Hills,7.0,32.0,18,-33.9488484,151.0803942,0,0,0,1200.0
203,12912,Narwee,32.0,7.0,2,-33.947329,151.0707329,0,0,0,990.0
204,12257,Lakemba,6.0,2.0,50,-33.9200417,151.0771497,['9'],0,0,874.0
205,14293,Wiley Park,2.0,6.0,50,-33.9228671,151.0683887,0,0,0,767.0
206,11964,Hurstville,32.0,7.0,34,-33.9645633,151.1010187,"['35,52']","['76,77']","['34,73']",1400.0
207,10819,Carlton,32.0,7.0,18,-33.9685296,151.1246063,0,0,0,1300.0
208,13186,Penshurst,32.0,7.0,34,-33.96334700000001,151.0867644,0,0,0,1100.0
209,13064,Oatley,32.0,7.0,18,-33.98118,151.07479,['72'],0,0,1600.0
210,12728,Mortdale,32.0,7.0,29,-33.96932,151.06969,0,0,0,1100.0
211,13168,Peakhurst,32.0,7.0,2,-33.9654,151.0502,0,0,0,1000.0
212,11965,Hurstville Grove,32.0,18.0,7,-33.97972,151.09298,0,0,0,1400.0
213,12421,Lugarno,18.0,2.0,32,-33.98469,151.04352,0,0,0,1200.0
214,13169,Peakhurst Heights,18.0,2.0,32,-33.981667,151.051111,0,0,0,1100.0
215,13587,South Hurstville,32.0,7.0,2,-33.98,151.1035,['86'],0,0,1200.0
216,10403,Blakehurst,18.0,32.0,7,-33.9897654,151.1080239,0,0,0,1600.0
217,12227,Kyle Bay,18.0,7.0,32,-33.9911107,151.1002727,0,0,0,1900.0
218,11013,Connells Point,18.0,32.0,7,-33.98246,151.10016,0,0,0,1700.0
219,10837,Carss Park,18.0,32.0,2,-33.98718,151.11889,0,0,0,0.0
220,10086,Arncliffe,2.0,32.0,29,-33.93915010000001,151.1478116,['63'],0,0,1100.0
221,14353,Wolli Creek,32.0,7.0,33,-33.9299813,151.1534281,0,0,0,0.0
222,13982,Turrella,2.0,32.0,29,-33.93297,151.14079,0,0,0,980.0
223,10196,Bardwell Valley,2.0,18.0,29,-33.937,151.133,0,0,0,1200.0
224,10195,Bardwell Park,18.0,32.0,2,-33.93539,151.12541,0,0,0,1200.0
225,10334,Bexley,2.0,18.0,29,-33.9525324,151.1226904,0,['20'],"['40,88']",1200.0
226,12181,Kogarah,34.0,32.0,7,-33.9643523,151.1372588,0,['15'],['32'],1100.0
227,10335,Bexley North,18.0,32.0,7,-33.9418,151.1114,0,0,0,1200.0
228,10038,Allawah,32.0,7.0,34,-33.9749,151.1167,0,0,0,1300.0
229,10330,Beverley Park,18.0,2.0,32,-33.97897,151.1285,0,0,0,1200.0
230,12182,Kogarah Bay,18.0,2.0,7,-33.98338,151.12166,0,0,0,1600.0
231,12226,Kyeemagh,18.0,2.0,24,-33.94829,151.15711,0,0,0,0.0
232,10569,Brighton-le-Sands,18.0,2.0,42,-33.9590873,151.1520593,0,0,0,0.0
233,13379,Rockdale,34.0,32.0,29,-33.9529076,151.1375572,0,0,0,1100.0
234,12686,Monterey,18.0,2.0,42,-33.9738,151.1479,0,0,0,1400.0
235,10178,Banksia,29.0,2.0,7,-33.94776,151.14806,0,0,0,1100.0
236,13478,Sandringham,18.0,2.0,29,-33.99861080000001,151.1395914,0,0,0,1700.0
237,11267,Dolls Point,18.0,2.0,42,-33.99386,151.14301,0,0,0,0.0
238,13489,Sans Souci,18.0,2.0,32,-33.98898,151.1393,0,0,0,1500.0
239,13309,Ramsgate,18.0,2.0,32,-33.98194,151.14007,0,0,0,1400.0
240,13310,Ramsgate Beach,18.0,2.0,42,-33.982,151.148,0,0,0,0.0
241,10999,Concord,24.0,32.0,7,-33.8550219,151.1078139,0,0,0,1900.0
242,10557,Breakfast Point,32.0,7.0,28,-33.844,151.1129,0,0,0,0.0
243,10736,Cabarita,24.0,7.0,32,-33.84802,151.11485,0,0,0,2400.0
244,12729,Mortlake,32.0,24.0,7,-33.8405772,151.1060971,0,0,0,0.0
245,13009,North Strathfield,32.0,28.0,7,-33.8604,151.08856,0,0,['74'],1700.0
246,11000,Concord West,24.0,32.0,7,-33.8396663,151.088239,0,0,0,1800.0
247,13716,Sydney Olympic Park,32.0,28.0,7,-33.8465088,151.0722137,0,0,0,0.0
248,12315,Liberty Grove,28.0,32.0,7,-33.841667,151.083611,0,0,0,1200.0
249,13358,Rhodes,32.0,28.0,7,-33.82821,151.08569,0,0,0,2500.0
250,11293,Drummoyne,24.0,18.0,32,-33.8510541,151.1545209,0,0,0,1900.0
251,13447,Russell Lea,24.0,18.0,7,-33.859471,151.14244,0,0,0,1800.0
252,13391,Rodd Point,24.0,18.0,7,-33.86607,151.14366,0,0,0,1900.0
253,10003,Abbotsford,24.0,32.0,7,-33.85215,151.12726,0,0,0,2200.0
254,10910,Chiswick,24.0,32.0,7,-33.85192,151.13605,0,0,0,0.0
255,11530,Five Dock,24.0,32.0,7,-33.8692538,151.1295659,0,0,0,1700.0
256,10785,Canada Bay,24.0,7.0,32,-33.8671,151.1139,0,0,0,1600.0
257,14148,Wareemba,24.0,32.0,18,-33.8574937,151.1323094,0,0,0,1800.0
258,10164,Balmain,24.0,32.0,15,-33.85895,151.17906,['58'],0,0,1900.0
259,10374,Birchgrove,17.0,32.0,24,-33.85275,151.18024,0,0,0,2100.0
260,14412,Woolwich,32.0,7.0,24,-33.8417,151.16968,0,0,0,4800.0
261,12297,Leichhardt,24.0,42.0,18,-33.8837222,151.157028,0,0,0,1400.0
262,12325,Lilyfield,24.0,18.0,32,-33.874345,151.164693,0,0,0,1700.0
263,13435,Rozelle,32.0,18.0,42,-33.8638543,151.1701171,0,0,0,1700.0
264,10098,Ashfield,32.0,34.0,7,-33.8889,151.1249,0,0,0,1600.0
265,13687,Summer Hill,32.0,34.0,7,-33.891841,151.1379367,['75'],['46'],0,1700.0
266,11963,Hurlstone Park,18.0,2.0,32,-33.91058,151.12919,0,0,0,1500.0
267,10093,Ashbury,24.0,18.0,2,-33.8997098,151.1199309,0,0,0,1400.0
268,10718,Burwood,32.0,7.0,28,-33.8773941,151.1036621,['91'],['48'],['63'],2200.0
269,11134,Croydon,32.0,7.0,24,-33.8808766,151.1154679,0,0,['20'],1400.0
270,13675,Strathfield,28.0,32.0,7,-33.8774826,151.0823602,['31'],"['23,74,88']","['14,47,72,97']",2400.0
271,11135,Croydon Park,24.0,2.0,32,-33.89679,151.10951,0,0,0,1300.0
272,11421,Enfield,32.0,7.0,2,-33.89059,151.09246,0,0,0,1300.0
273,10719,Burwood Heights,32.0,24.0,2,-33.8902,151.1052,0,0,0,0.0
274,11828,Haberfield,24.0,18.0,32,-33.8804879,151.138849,['87'],0,0,2100.0
275,11930,Homebush West,32.0,7.0,45,-33.8623709,151.066621,0,0,0,0.0
276,11929,Homebush,32.0,28.0,45,-33.8628387,151.0796443,0,0,0,1700.0
277,13676,Strathfield South,7.0,32.0,2,-33.8943055,151.0830083,0,0,0,1300.0
278,10892,Chatswood,32.0,7.0,28,-33.7960696,151.1780469,"['34,79']","['36,82,93']","['65,100']",2200.0
279,13016,North Willoughby,32.0,7.0,3,-33.795,151.204,0,0,0,2500.0
280,14303,Willoughby,32.0,7.0,3,-33.8071059,151.1993737,0,['78'],['67'],2300.0
281,10090,Artarmon,32.0,7.0,25,-33.8093311,151.185647,['6'],0,0,2700.0
282,13412,Roseville,32.0,7.0,28,-33.7842176,151.1894277,"['36,60']",['42'],['44'],2400.0
283,12267,Lane Cove North,32.0,7.0,42,-33.80627330000001,151.1664881,0,0,0,2000.0
284,10893,Chatswood West,32.0,7.0,28,-33.7966739,151.1621677,0,0,0,1700.0
285,12268,Lane Cove West,32.0,7.0,35,-33.811478,151.1527422,0,0,0,2000.0
286,12266,Lane Cove,32.0,7.0,20,-33.8148145,151.1663935,['98'],['72'],['58'],2200.0
287,13370,Riverview,32.0,7.0,24,-33.82466,151.1622,0,0,0,2400.0
288,11770,Greenwich,32.0,7.0,42,-33.83302,151.18362,['77'],0,0,2800.0
289,13024,Northwood,32.0,7.0,15,-33.82813000000001,151.17619,0,0,0,3200.0
290,12385,Longueville,7.0,32.0,18,-33.83309,151.16494,0,0,0,4400.0
291,12341,Linley Point,32.0,7.0,18,-33.8274222,151.1497868,0,0,0,0.0
292,13642,St Leonards,32.0,7.0,25,-33.8227402,151.1942171,0,0,0,0.0
293,12898,Naremburn,32.0,7.0,25,-33.8177311,151.2011183,0,0,0,2100.0
294,10778,Cammeray,32.0,7.0,25,-33.8229724,151.2102367,['20'],0,0,2300.0
295,10845,Castle Cove,7.0,32.0,3,-33.78464,151.20642,0,0,0,2600.0
296,10849,Castlecrag,32.0,7.0,25,-33.80137,151.22007,0,0,0,2800.0
297,13022,Northbridge,32.0,7.0,25,-33.81325,151.21717,['84'],0,0,3100.0
298,12602,Middle Cove,7.0,32.0,25,-33.7938,151.2086,0,['51'],0,1800.0
299,14304,Willoughby East,7.0,32.0,24,-33.799,151.206,0,0,0,2900.0
300,11937,Hornsby Heights,32.0,7.0,28,-33.6722,151.0988,0,0,0,1100.0
301,12750,Mount Colah,32.0,7.0,35,-33.670759,151.1152582,0,0,0,1000.0
302,10103,Asquith,32.0,7.0,20,-33.689,151.105,0,0,0,1200.0
303,11936,Hornsby,32.0,7.0,28,-33.7046328,151.0987055,"['8,37']","['7,37']","['5,56']",1200.0
304,12772,Mount Kuring-Gai,32.0,7.0,28,-33.6414763,151.1308651,0,0,0,0.0
305,11097,Cowan,46.0,12.0,43,-33.5879078,151.16854,0,0,0,0.0
306,10308,Berowra,32.0,35.0,17,-33.62797380000001,151.1480265,0,0,0,1000.0
307,10599,Brooklyn,19.0,42.0,39,-33.5483592,151.2149798,0,0,0,840.0
308,10310,Berowra Heights,32.0,42.0,17,-33.61334,151.138,0,0,0,965.0
309,11199,Dangar Island,42.0,16.0,23,-33.54142,151.2381,0,0,0,635.0
310,12976,Normanhurst,32.0,7.0,28,-33.7245321,151.0970108,0,"['8,92']","['11,27']",1300.0
311,13850,Thornleigh,32.0,7.0,2,-33.7261791,151.0841467,0,0,0,1200.0
312,14260,Westleigh,32.0,7.0,2,-33.72299,151.07064,0,0,0,1300.0
313,14085,Wahroonga,32.0,7.0,28,-33.7186308,151.1103686,"['10,28']",['27'],"['12,22']",1900.0
314,14086,Waitara,32.0,7.0,28,-33.7083472,151.1068252,0,0,0,1300.0
315,11355,East Killara,7.0,32.0,28,-33.75592,151.17973,0,0,0,2400.0
316,12129,Killara,32.0,7.0,28,-33.76864,151.16347,"['12,96']",['61'],['91'],2600.0
317,12339,Lindfield,32.0,7.0,28,-33.7787851,151.1693413,"['21,54']",0,0,2800.0
318,11718,Gordon,32.0,7.0,28,-33.7556261,151.1527768,['68'],['40'],['54'],2300.0
319,11357,East Lindfield,32.0,7.0,28,-33.77274,151.18726,['41'],0,0,2500.0
320,13413,Roseville Chase,7.0,32.0,3,-33.7755896,151.2000449,0,0,0,2300.0
321,13281,Pymble,32.0,7.0,28,-33.7456508,151.1431794,"['17,23,43']",['24'],['29'],2300.0
322,14250,West Pymble,32.0,7.0,28,-33.7619959,151.1280668,0,0,0,1600.0
323,13639,St Ives,32.0,7.0,28,-33.72136,151.16844,"['7,71']",['97'],"['35,87']",1900.0
324,13640,St Ives Chase,32.0,7.0,1,-33.711,151.1595,0,0,0,1900.0
325,13980,Turramurra,32.0,7.0,28,-33.733499,151.1279841,['46'],0,0,1900.0
326,13598,South Turramurra,32.0,7.0,28,-33.7546,151.113,0,0,0,1600.0
327,13013,North Turramurra,32.0,7.0,28,-33.704927,151.1490162,0,0,0,1700.0
328,14165,Warrawee,32.0,28.0,7,-33.7289366,151.1218346,0,0,0,2500.0
329,13015,North Wahroonga,32.0,7.0,28,-33.701,151.126,0,0,0,1700.0
330,11113,Cremorne Point,15.0,32.0,24,-33.84076,151.22789,0,0,0,4300.0
331,11112,Cremorne,32.0,25.0,7,-33.8265345,151.2276279,0,0,0,2600.0
332,12934,Neutral Bay,32.0,25.0,7,-33.8339383,151.2188459,['53'],0,0,2400.0
333,11131,Crows Nest,25.0,32.0,7,-33.82613,151.20505,0,"['2,3']","['3,7']",2000.0
334,14359,Wollstonecraft,32.0,7.0,42,-33.83356,151.19128,0,0,0,2900.0
335,14202,Waverton,32.0,7.0,25,-33.84016,151.19543,0,0,0,2700.0
336,13010,North Sydney,32.0,7.0,20,-33.83965,151.20541,"['42,64']","['49,54']","['25,37,53']",2100.0
337,12738,Mosman,32.0,42.0,15,-33.829075,151.24409,"['56,82']",['29'],['31'],3500.0
338,12173,Kirribilli,32.0,15.0,7,-33.8491363,151.2175297,0,['53'],['18'],2600.0
339,12217,Kurraba Point,32.0,42.0,15,-33.843,151.223,0,0,0,0.0
340,12629,Milsons Point,32.0,7.0,25,-33.84765,151.21201,['2'],['22'],['42'],0.0
341,12547,McMahons Point,32.0,7.0,42,-33.84524,151.20433,0,0,0,0.0
342,12285,Lavender Bay,32.0,7.0,42,-33.8435728,151.2069658,0,0,0,0.0
343,13509,Seaforth,32.0,24.0,7,-33.796,151.238,0,0,0,2500.0
344,10154,Balgowlah Heights,18.0,32.0,24,-33.8072234,151.2641654,0,0,0,2800.0
345,10935,Clontarf,32.0,18.0,24,-33.80834,151.25342,0,0,0,3800.0
346,10153,Balgowlah,37.0,15.0,32,-33.79645,151.25854,0,['85'],['69'],2200.0
347,12475,Manly,15.0,42.0,37,-33.8060158,151.2947775,0,0,['78'],2900.0
348,11482,Fairlight,17.0,15.0,37,-33.796,151.277,0,0,0,2300.0
349,10111,Avalon Beach,17.0,15.0,42,-33.6302836,151.3297698,0,0,0,1900.0
350,13132,Palm Beach,17.0,32.0,49,-33.601111,151.321667,0,0,0,3400.0
351,14267,Whale Beach,51.0,17.0,15,-33.6131448,151.3304989,0,0,0,0.0
352,10923,Clareville,17.0,15.0,10,-33.6362228,151.3100857,0,0,0,0.0
353,13505,Scotland Island,17.0,24.0,15,-33.6395909,151.290404,0,0,0,1000.0
354,11389,Elanora Heights,17.0,24.0,15,-33.70102,151.2789,0,0,0,1600.0
355,11979,Ingleside,24.0,32.0,41,-33.6823,151.26315,0,0,0,0.0
356,10237,Bayview,17.0,12.0,32,-33.658,151.288,0,0,0,1700.0
357,10915,Church Point,32.0,37.0,42,-33.6544,151.2791,0,0,0,1600.0
358,12397,Lovett Bay,12.0,17.0,16,-33.6296855,151.2816573,0,0,0,0.0
359,12672,Mona Vale,41.0,17.0,9,-33.67596,151.30653,0,0,0,1800.0
360,12956,Newport,17.0,42.0,15,-33.6564,151.3137,0,0,0,1800.0
361,10351,Bilgola Plateau,17.0,15.0,12,-33.6429152,151.3137307,0,0,0,0.0
362,10350,Bilgola Beach,25.0,28.0,16,-33.6444858,151.3275826,0,0,0,0.0
363,14173,Warriewood,37.0,24.0,41,-33.69404,151.30093,0,0,0,1500.0
364,12999,North Narrabeen,37.0,24.0,12,-33.7065,151.2884,0,0,0,1500.0
365,10238,Beacon Hill,24.0,32.0,7,-33.7522,151.256,0,0,0,1500.0
366,12910,Narraweena,24.0,32.0,7,-33.748611,151.267778,0,0,0,1400.0
367,11118,Cromer,24.0,32.0,17,-33.74142,151.28227,0,0,0,1600.0
368,13106,Oxford Falls,32.0,16.0,23,-33.7352,151.2469,0,0,['93'],0.0
369,11227,Dee Why,37.0,32.0,47,-33.7544,151.2854,0,['73'],['28'],1800.0
370,12988,North Curl Curl,24.0,32.0,37,-33.7645,151.2973,0,['10'],['13'],2200.0
371,11548,Forestville,3.0,7.0,32,-33.7613,151.2113,0,0,0,1500.0
372,12130,Killarney Heights,15.0,7.0,32,-33.7742,151.2155,0,0,['80'],1800.0
373,11568,Frenchs Forest,32.0,3.0,7,-33.749,151.2331,0,0,0,1500.0
374,10283,Belrose,3.0,32.0,25,-33.73,151.22,['4'],['84'],0,1600.0
375,11219,Davidson,3.0,32.0,15,-33.73801,151.19297,0,0,0,1500.0
376,11167,Curl Curl,37.0,12.0,17,-33.77213,151.28992,0,0,0,2300.0
377,11569,Freshwater,37.0,24.0,17,-33.7749,151.28783,0,0,0,2500.0
378,12476,Manly Vale,32.0,37.0,24,-33.783,151.2622,0,['99'],['92'],1800.0
379,12997,North Manly,24.0,37.0,42,-33.7754,151.2689,0,0,0,1800.0
380,13296,Queenscliff,37.0,42.0,15,-33.7825,151.284722,0,0,0,2500.0
381,10601,Brookvale,32.0,24.0,42,-33.7653,151.27041,0,0,['79'],1200.0
382,10036,Allambie Heights,32.0,24.0,17,-33.7624,151.25,0,0,0,1600.0
383,12981,North Balgowlah,15.0,17.0,7,-33.785604,151.2495903,0,0,0,2100.0
384,12902,Narrabeen,37.0,17.0,42,-33.7231,151.2952,0,0,0,2300.0
385,10970,Collaroy,24.0,37.0,32,-33.73,151.3,0,['67'],['86'],2200.0
386,10971,Collaroy Plateau,24.0,32.0,41,-33.7293326,151.290404,0,0,0,0.0
387,14268,Wheeler Heights,17.0,24.0,37,-33.7315,151.28016,0,0,0,0.0
388,13804,Terrey Hills,17.0,24.0,12,-33.683,151.223,['95'],['39'],0,1500.0
389,11301,Duffys Forest,24.0,32.0,51,-33.67525,151.19789,0,0,0,3700.0
390,11405,Ellis Lane,42.0,9.0,29,-34.034,150.675,0,0,0,0.0
391,11739,Grasmere,24.0,31.0,15,-34.057,150.667,0,0,0,1600.0
392,10770,Camden,42.0,17.0,9,-34.054444,150.695833,0,0,0,710.0
393,10863,Cawdor,9.0,31.0,21,-34.083333,150.683333,0,0,0,0.0
394,10773,Camden South,24.0,42.0,12,-34.08539,150.70744,0,0,0,659.0
395,11859,Harrington Park,24.0,2.0,42,-34.02769,150.73081,0,0,0,915.0
396,11391,Elderslie,42.0,24.0,2,-34.05462,150.7125,0,0,0,660.0
397,12171,Kirkham,24.0,18.0,44,-34.039,150.709,0,0,0,0.0
398,12745,Mount Annan,42.0,2.0,32,-34.065,150.76,0,0,0,731.0
399,11175,Currans Hill,42.0,2.0,20,-34.04084,150.76853,0,0,0,610.0
400,11774,Gregory Hills,20.0,2.0,42,-34.0307506,150.7766392,0,0,0,640.0
401,12897,Narellan Vale,42.0,2.0,24,-34.0504,150.7483,0,0,0,655.0
402,13612,Spring Farm,42.0,2.0,20,-34.072,150.718,0,0,0,672.0
403,10022,Airds,40.0,2.0,42,-34.0916,150.8249,0,0,0,451.0
404,10543,Bradbury,2.0,40.0,42,-34.08734,150.81626,0,0,0,559.0
405,13637,St Helens Park,2.0,42.0,40,-34.1105,150.8079,0,0,0,568.0
406,14209,Wedderburn,2.0,18.0,24,-34.12612,150.81789,0,0,0,0.0
407,14378,Woodbine,2.0,20.0,42,-34.0494108,150.8196748,0,0,0,630.0
408,10780,Campbelltown,2.0,40.0,32,-34.0666148,150.8195571,0,0,0,564.0
409,12308,Leumeah,2.0,40.0,6,-34.05546,150.83328,0,0,0,592.0
410,10400,Blair Athol,20.0,44.0,2,-34.063,150.8,0,0,0,695.0
411,13303,Raby,2.0,42.0,20,-34.0209207,150.8173282,0,0,0,597.0
412,11341,Eagle Vale,2.0,42.0,40,-34.03686,150.81144,0,0,0,583.0
413,11441,Eschol Park,2.0,42.0,40,-34.0304,150.80942,0,0,0,564.0
414,10401,Blairmount,20.0,40.0,18,-34.04881,150.78734,0,0,0,0.0
415,12079,Kearns,2.0,42.0,20,-34.02373,150.80628,0,0,0,650.0
416,10924,Claymore,40.0,2.0,48,-34.0444,150.8096,0,0,0,685.0
417,11926,Holsworthy,20.0,32.0,22,-33.9565362,150.9498811,0,0,0,796.0
418,11978,Ingleburn,6.0,20.0,44,-34.0044124,150.8630229,0,0,0,647.0
419,12435,Macquarie Links,6.0,20.0,44,-33.982,150.874,0,0,0,1000.0
420,11235,Denham Court,2.0,24.0,9,-33.9844003,150.8444381,0,0,0,695.0
421,10194,Bardia,20.0,6.0,34,-33.9782167,150.8578648,0,0,0,490.0
422,11383,Edmondson Park,20.0,2.0,50,-33.9606778,150.8622496,0,0,0,790.0
423,13443,Ruse,2.0,40.0,42,-34.071,150.8423,0,0,0,593.0
424,12101,Kentlyn,2.0,39.0,32,-34.05193,150.87797,0,0,0,0.0
425,12643,Minto Heights,2.0,18.0,41,-34.031,150.8743,0,0,0,0.0
426,12433,Macquarie Fields,6.0,2.0,20,-33.99434,150.88757,0,['79'],0,575.0
427,11664,Glenfield,6.0,20.0,32,-33.9748797,150.8992441,0,['12'],['26'],680.0
428,12381,Long Point,2.0,17.0,42,-34.012,150.897,0,0,0,0.0
429,13631,St Andrews,2.0,20.0,44,-34.0197745,150.8334745,0,0,0,610.0
430,10526,Bow Bowing,20.0,2.0,44,-34.01853,150.83816,0,0,0,586.0
431,12642,Minto,6.0,20.0,40,-34.02646,150.8507,['92'],['95'],0,604.0
432,13410,Rosemeadow,42.0,2.0,51,-34.107,150.793,0,0,0,537.0
433,10049,Ambarvale,2.0,42.0,40,-34.08333,150.80067,0,0,0,540.0
434,12569,Menangle Park,16.0,23.0,52,-34.102939,150.742442,0,0,0,0.0
435,11617,Gilead,15.0,17.0,10,-34.1410068,150.7923904,0,0,0,0.0
436,11645,Glen Alpine,2.0,42.0,20,-34.09,150.785,0,0,0,825.0
437,11423,Englorie Park,2.0,38.0,45,-34.0806577,150.7948026,0,0,0,0.0
438,14477,Yarramundi,31.0,2.0,17,-33.6222,150.6709,0,0,0,0.0
439,14237,Werrington Downs,2.0,42.0,31,-33.73910000000001,150.7273,0,0,0,0.0
440,10768,Cambridge Park,44.0,2.0,18,-33.748333,150.734444,0,0,0,0.0
441,14236,Werrington County,18.0,24.0,20,-33.7478023,150.7475824,0,0,0,0.0
442,10767,Cambridge Gardens,32.0,44.0,42,-33.738,150.721,0,0,0,0.0
443,11105,Cranebrook,42.0,31.0,2,-33.72088,150.71302,0,0,0,0.0
444,12363,Llandilo,31.0,24.0,7,-33.7061,150.7453,0,0,0,0.0
445,10850,Castlereagh,31.0,18.0,17,-33.6719,150.6784,0,0,0,0.0
446,13184,Penrith,32.0,44.0,2,-33.7506759,150.687674,0,['14'],['45'],640.0
447,12042,Jordan Springs,20.0,44.0,38,-33.724,150.728,0,0,0,0.0
448,11418,Emu Plains,18.0,2.0,9,-33.75206,150.65967,0,0,0,723.0
449,12304,Leonay,17.0,36.0,18,-33.76506,150.64568,0,0,0,815.0
450,11417,Emu Heights,17.0,2.0,44,-33.73521,150.6503,0,0,0,697.0
451,11670,Glenmore Park,38.0,2.0,44,-33.79,150.676,0,0,0,720.0
452,13346,Regentville,24.0,9.0,46,-33.7711622,150.6604462,0,0,0,733.0
453,12000,Jamisontown,2.0,32.0,24,-33.76829,150.67238,0,0,0,650.0
454,13596,South Penrith,2.0,32.0,18,-33.7715054,150.7011034,0,0,0,652.0
455,12163,Kingswood,38.0,30.0,32,-33.759,150.72,0,0,0,0.0
456,10743,Caddens,38.0,30.0,32,-33.7745325,150.7374139,0,0,0,0.0
457,14235,Werrington,44.0,34.0,2,-33.75943,150.74708,0,['80'],0,0.0
458,10918,Claremont Meadows,2.0,44.0,50,-33.779,150.753,0,0,0,0.0
459,14101,Wallacia,31.0,24.0,18,-33.865,150.64,0,0,0,780.0
460,12814,Mulgoa,2.0,31.0,24,-33.8461,150.6525,0,0,0,1000.0
461,12419,Luddenham,24.0,2.0,9,-33.8807,150.7146,0,0,0,1900.0
462,10132,Badgerys Creek,7.0,2.0,24,-33.8828765,150.7608502,0,0,0,0.0
463,13095,Orchard Hills,31.0,2.0,24,-33.7923295,150.7330734,0,['59'],0,0.0
464,13360,Richmond,29.0,17.0,32,-33.6,150.75,0,0,0,625.0
465,13002,North Richmond,31.0,24.0,7,-33.5817778,150.7150959,0,0,0,0.0
466,10021,Agnes Banks,31.0,29.0,18,-33.61529,150.71616,0,0,0,0.0
467,11917,Hobartville,29.0,14.0,42,-33.60458,150.74298,0,0,0,600.0
468,13601,South Windsor,31.0,18.0,2,-33.62535,150.80437,0,0,0,620.0
469,14325,Windsor,32.0,2.0,42,-33.615,150.817222,0,0,0,653.0
470,10411,Bligh Park,31.0,42.0,18,-33.638,150.799,0,0,0,660.0
471,14326,Windsor Downs,31.0,42.0,24,-33.657,150.81,0,0,0,1600.0
472,12375,Londonderry,31.0,2.0,32,-33.6485,150.7355,0,0,0,1300.0
473,10305,Berkshire Park,31.0,2.0,7,-33.6886,150.78165,0,0,0,0.0
474,11438,Erskine Park,2.0,44.0,14,-33.81323,150.80143,0,0,0,0.0
475,13632,St Clair,2.0,44.0,42,-33.7987,150.7824,0,0,0,0.0
476,10987,Colyton,2.0,20.0,44,-33.7830958,150.7954903,0,0,0,580.0
477,13110,Oxley Park,2.0,0.0,20,-33.7709,150.7934,0,0,0,615.0
478,13643,St Marys,44.0,2.0,40,-33.769979,150.7734575,0,0,0,585.0
479,13007,North St Marys,2.0,44.0,40,-33.749,150.782,0,0,0,548.0
480,13547,Silverwater,28.0,2.0,32,-33.8339902,151.0482995,0,0,0,950.0
481,12953,Newington,28.0,32.0,7,-33.839,151.055,0,0,0,1200.0
482,12316,Lidcombe,28.0,32.0,7,-33.865214,151.0435043,0,0,0,1100.0
483,14227,Wentworth Point,32.0,28.0,7,-33.828026,151.0769775,0,0,0,0.0
484,10106,Auburn,2.0,32.0,49,-33.8605837,151.02475,0,['60'],"['23,68']",845.0
485,10299,Berala,32.0,7.0,2,-33.87487,151.03073,0,0,0,868.0
486,13345,Regents Park,2.0,7.0,32,-33.88572,151.02833,0,0,0,780.0
487,10818,Carlingford,32.0,7.0,28,-33.7770423,151.0456097,"['16,22']","['1,65']",['1'],1300.0
488,10249,Beecroft,32.0,7.0,28,-33.7511096,151.0651688,"['19,32']","['30,44']",['81'],1700.0
489,11428,Epping,32.0,7.0,28,-33.7746,151.0788,"['24,26,45,97']",0,0,1700.0
490,13453,Rydalmere,32.0,28.0,7,-33.8123245,151.0417591,0,0,0,1100.0
491,13156,Parramatta,32.0,20.0,7,-33.8135571,151.003407,0,"['34,90']",0,1100.0
492,11435,Ermington,32.0,2.0,28,-33.8143301,151.0562386,0,0,0,1200.0
493,11312,Dundas,32.0,28.0,7,-33.80404,151.0351,0,0,0,1100.0
494,12563,Melrose Park,7.0,32.0,28,-33.8145781,151.0718821,0,0,0,1500.0
495,13782,Telopea,32.0,28.0,7,-33.79417,151.03802,0,0,0,1200.0
496,13063,Oatlands,2.0,32.0,28,-33.7963384,151.0263232,0,0,0,1400.0
497,11313,Dundas Valley,32.0,28.0,7,-33.79312,151.05999,0,0,0,1200.0
498,10899,Chester Hill,2.0,51.0,7,-33.87838,151.00443,0,0,0,795.0
499,13516,Sefton,2.0,51.0,7,-33.88836,151.00713,0,['38'],['76'],780.0
500,10826,Carramar,51.0,2.0,7,-33.88605,150.96442,0,0,0,665.0
501,13077,Old Guildford,2.0,7.0,51,-33.86577,150.98346,0,0,0,700.0
502,11478,Fairfield East,51.0,2.0,7,-33.87177,150.97346,0,0,0,695.0
503,14506,Yennora,2.0,51.0,26,-33.8627,150.966,0,0,0,670.0
504,11477,Fairfield,4.0,2.0,51,-33.8705856,150.9564102,0,0,0,705.0
505,12588,Merrylands,2.0,32.0,11,-33.835802,150.9865196,0,0,0,829.0
506,11738,Granville,2.0,34.0,32,-33.8353132,151.0065546,0,0,0,741.0
507,11790,Guildford,2.0,32.0,7,-33.8557329,150.9950627,0,0,0,750.0
508,13181,Pemulwuy,20.0,2.0,19,-33.817,150.926,0,0,0,835.0
509,11781,Greystanes,2.0,31.0,18,-33.8297061,150.9488947,0,0,0,801.0
510,13583,South Granville,2.0,32.0,49,-33.8577224,151.0107506,0,0,0,801.0
511,12589,Merrylands West,2.0,11.0,32,-33.83742,150.96168,0,0,0,758.0
512,11791,Guildford West,2.0,32.0,11,-33.850656,150.96308,0,0,0,750.0
513,14390,Woodpark,2.0,20.0,32,-33.84182699999999,150.962577,0,0,0,788.0
514,13599,South Wentworthville,2.0,32.0,20,-33.8178167,150.9692855,0,0,0,800.0
515,11925,Holroyd,2.0,32.0,11,-33.831,150.997,0,0,0,0.0
516,13559,Smithfield,2.0,51.0,4,-33.8535722,150.9406861,0,0,0,700.0
517,13001,North Parramatta,32.0,2.0,35,-33.800281,151.0042445,['30'],"['25,32,35']","['43,62']",1000.0
518,13003,North Rocks,32.0,7.0,28,-33.7750537,151.0238278,['33'],0,0,1200.0
519,13023,Northmead,32.0,2.0,7,-33.78974,150.9921094,0,0,0,950.0
520,14261,Westmead,20.0,45.0,19,-33.8085661,150.9869597,0,0,['83'],1200.0
521,14228,Wentworthville,45.0,19.0,20,-33.8059112,150.9701895,0,0,0,920.0
522,14335,Winston Hills,2.0,32.0,7,-33.7773471,150.9745309,0,0,0,950.0
523,13408,Rosehill,19.0,2.0,32,-33.8239653,151.0212029,0,0,0,0.0
524,11860,Harris Park,19.0,20.0,38,-33.8219453,151.0107506,0,0,0,1100.0
525,13081,Old Toongabbie,45.0,2.0,28,-33.787,150.966,0,0,0,826.0
526,11014,Constitution Hill,2.0,7.0,32,-33.7945,150.9765,0,0,0,860.0
527,13182,Pendle Hill,45.0,19.0,20,-33.80739,150.95518,0,0,0,870.0
528,11636,Girraween,45.0,19.0,20,-33.80128,150.94305,0,['11'],['21'],840.0
529,12538,Mays Hill,45.0,2.0,20,-33.8206367,150.9881962,0,0,0,0.0
530,12990,North Epping,32.0,7.0,28,-33.7623,151.101,0,0,0,1400.0
531,10896,Cheltenham,32.0,7.0,20,-33.7553681,151.078072,0,0,0,1600.0
532,13183,Pennant Hills,32.0,7.0,28,-33.738881,151.0723841,0,['89'],['75'],1400.0
533,11238,Denistone,32.0,7.0,28,-33.80085,151.08648,0,0,0,1500.0
534,11369,Eastwood,32.0,7.0,28,-33.790362,151.081731,"['27,66,85']",['83'],0,1700.0
535,11239,Denistone East,32.0,7.0,28,-33.79885,151.09948,0,0,0,1500.0
536,11240,Denistone West,32.0,7.0,28,-33.8007216,151.0777054,0,0,0,1500.0
537,11638,Gladesville,32.0,24.0,7,-33.8301698,151.1267591,0,0,0,1700.0
538,13790,Tennyson Point,24.0,18.0,32,-33.832435,151.116938,0,0,0,2900.0
539,11961,Huntleys Point,18.0,24.0,14,-33.839,151.147,0,0,0,0.0
540,11891,Henley,7.0,18.0,24,-33.84252,151.13475,0,0,0,0.0
541,11960,Huntleys Cove,7.0,32.0,42,-33.8385208,151.138135,0,0,0,0.0
542,11954,Hunters Hill,32.0,24.0,7,-33.8337,151.14366,0,0,0,2900.0
543,12437,Macquarie Park,32.0,7.0,20,-33.7810467,151.122968,0,0,0,0.0
544,12506,Marsfield,32.0,7.0,28,-33.7800906,151.1029137,0,0,0,1600.0
545,13005,North Ryde,32.0,7.0,3,-33.7931778,151.1197879,0,0,0,1500.0
546,13454,Ryde,32.0,7.0,28,-33.8157466,151.1030164,['11'],['68'],0,1500.0
547,11361,East Ryde,7.0,32.0,24,-33.81,151.135,0,0,0,1600.0
548,12550,Meadowbank,32.0,28.0,7,-33.81692,151.08333,0,0,0,0.0
549,14251,West Ryde,32.0,28.0,7,-33.8067672,151.0824602,['47'],0,0,1500.0
550,13277,Putney,32.0,24.0,7,-33.827,151.106,0,0,0,2100.0
551,10720,Busby,2.0,51.0,20,-33.91413000000001,150.88247,0,0,0,561.0
552,11887,Heckenberg,2.0,51.0,42,-33.91068,150.88887,0,0,0,579.0
553,12617,Miller,2.0,51.0,20,-33.9268,150.8724,0,0,0,568.0
554,10097,Ashcroft,2.0,51.0,40,-33.91447,150.8987392,0,0,0,615.0
555,13461,Sadleir,2.0,51.0,40,-33.9164233,150.8914686,0,0,0,580.0
556,10109,Austral,24.0,2.0,31,-33.93109,150.79361,0,0,0,416.0
557,13420,Rossmore,2.0,24.0,7,-33.9224,150.76964,0,0,0,3000.0
558,12094,Kemps Creek,24.0,2.0,7,-33.87464,150.79868,0,0,0,0.0
559,10575,Bringelly,24.0,2.0,31,-33.92178,150.73234,0,0,0,2900.0
560,11759,Greendale,31.0,7.0,18,-33.92,150.67,0,0,0,0.0
561,10866,Cecil Park,24.0,9.0,41,-33.87297,150.83823,0,0,0,0.0
562,10865,Cecil Hills,51.0,4.0,2,-33.8876831,150.8490573,0,0,0,858.0
563,10856,Catherine Field,24.0,7.0,2,-33.9833,150.76,0,0,0,763.0
564,12305,Leppington,2.0,7.0,24,-33.965,150.801,0,0,0,710.0
565,10954,Cobbitty,24.0,31.0,7,-34.016667,150.683333,0,['70'],['57'],723.0
566,13091,Oran Park,20.0,42.0,24,-34.003,150.743,0,0,0,700.0
567,11756,Green Valley,51.0,2.0,20,-33.90596,150.86681,0,0,0,720.0
568,11397,Elizabeth Hills,4.0,8.0,2,-33.9000666,150.8478522,0,0,0,0.0
569,11915,Hinchinbrook,2.0,51.0,20,-33.9165364,150.8639325,0,0,0,721.0
570,11951,Hoxton Park,2.0,20.0,4,-33.93382,150.85284,0,0,0,673.0
571,10820,Carnes Hill,20.0,2.0,51,-33.9383285,150.8478522,0,0,0,0.0
572,11935,Horningsea Park,2.0,20.0,42,-33.944,150.844,0,0,0,760.0
573,12607,Middleton Grange,4.0,2.0,20,-33.915,150.842,0,0,0,760.0
574,14246,West Hoxton,2.0,20.0,42,-33.93569,150.8308,0,0,0,818.0
575,10472,Bonnyrigg Heights,51.0,41.0,2,-33.89112,150.87206,0,0,0,805.0
576,10471,Bonnyrigg,51.0,27.0,2,-33.89812,150.89006,0,0,0,708.0
577,10515,Bossley Park,4.0,8.0,2,-33.86341,150.88364,0,0,0,815.0
578,10002,Abbotsbury,4.0,24.0,2,-33.875,150.862,0,0,0,927.0
579,10740,Cabramatta,51.0,7.0,27,-33.8954675,150.9384081,0,0,0,821.0
580,12275,Lansvale,51.0,2.0,7,-33.906913,150.9685549,0,0,0,705.0
581,10792,Canley Vale,51.0,7.0,27,-33.88642,150.946,0,0,0,808.0
582,12785,Mount Pritchard,51.0,2.0,41,-33.898,150.901,0,0,0,635.0
583,10741,Cabramatta West,51.0,27.0,7,-33.8947,150.915,0,0,0,754.0
584,10791,Canley Heights,51.0,7.0,27,-33.88502,150.9276,0,0,0,758.0
585,11377,Edensor Park,51.0,4.0,8,-33.88095,150.87516,0,0,0,820.0
586,11480,Fairfield West,51.0,2.0,4,-33.87112,150.92322,0,0,0,705.0
587,11479,Fairfield Heights,4.0,2.0,51,-33.86848,150.94239,0,0,0,773.0
588,11761,Greenfield Park,4.0,51.0,8,-33.87676,150.88819,0,0,0,770.0
589,13258,Prairiewood,51.0,4.0,42,-33.861,150.9048,0,0,0,807.0
590,11943,Horsley Park,24.0,31.0,4,-33.8417894,150.8553834,0,0,0,2400.0
591,12796,Mount Vernon,24.0,4.0,9,-33.857,150.81,0,0,0,0.0
592,14264,Wetherill Park,4.0,2.0,42,-33.84975000000001,150.91101,0,0,0,751.0
593,14089,Wakeley,51.0,4.0,2,-33.8762,150.9123,0,0,0,739.0
594,13641,St Johns Park,51.0,7.0,9,-33.8847,150.907,0,0,0,780.0
595,10852,Casula,2.0,20.0,18,-33.9503864,150.9044946,0,0,0,750.0
596,12712,Moorebank,2.0,18.0,51,-33.9397082,150.9249864,0,0,0,900.0
597,10908,Chipping Norton,2.0,51.0,18,-33.911,150.959,0,0,0,889.0
598,14079,Voyager Point,2.0,20.0,30,-33.959,150.979,0,0,0,1000.0
599,14192,Wattle Grove,2.0,20.0,32,-33.9492164,150.9424079,0,0,['70'],794.0
600,11844,Hammondville,2.0,18.0,42,-33.9522602,150.9601708,0,0,0,740.0
601,13487,Sandy Point,24.0,18.0,50,-33.976,150.9926,0,0,0,0.0
602,13229,Pleasure Point,2.0,29.0,18,-33.96776,150.978,0,0,0,0.0
603,12361,Liverpool,2.0,41.0,20,-33.9285567,150.9179595,0,0,0,760.0
604,14177,Warwick Farm,2.0,51.0,41,-33.911343,150.9381637,0,0,0,677.0
605,10838,Cartwright,2.0,51.0,40,-33.9240777,150.8914686,0,0,0,540.0
606,12422,Lurnea,2.0,51.0,20,-33.9326,150.900826,0,0,0,640.0
607,13260,Prestons,2.0,20.0,42,-33.9422412,150.8673973,0,0,0,732.0
608,11827,Gymea Bay,18.0,32.0,24,-34.0496,151.0864,0,0,0,1400.0
609,11826,Gymea,32.0,18.0,7,-34.0333,151.08556,0,0,0,1200.0
610,11743,Grays Point,17.0,42.0,39,-34.05508,151.07492,0,0,0,1200.0
611,12645,Miranda,32.0,18.0,7,-34.0299364,151.1055499,['61'],0,0,1200.0
612,14519,Yowie Bay,18.0,32.0,24,-34.04977,151.10334,0,0,0,1900.0
613,13766,Taren Point,18.0,32.0,2,-34.01909,151.12028,0,0,0,1400.0
614,13718,Sylvania Waters,18.0,32.0,7,-34.02318,151.11156,0,0,0,1600.0
615,13717,Sylvania,18.0,32.0,2,-34.0080021,151.1056919,0,0,0,1200.0
616,12060,Kangaroo Point,18.0,32.0,7,-34.002,151.096,0,0,0,0.0
617,10816,Caringbah South,18.0,24.0,32,-34.0529294,151.1199309,0,0,0,1600.0
618,11266,Dolans Bay,18.0,9.0,24,-34.06259,151.12641,0,0,0,0.0
619,12216,Kurnell,18.0,17.0,15,-34.01159,151.20686,0,0,0,1200.0
620,11764,Greenhills Beach,18.0,32.0,1,-34.034689,151.1646,0,0,0,0.0
621,11119,Cronulla,18.0,42.0,37,-34.05744,151.15219,0,0,0,1900.0
622,10672,Bundeena,17.0,15.0,12,-34.08341619999999,151.1515469,0,0,0,1000.0
623,14410,Woolooware,18.0,24.0,39,-34.04788,151.14113,0,0,0,1700.0
624,12322,Lilli Pilli,18.0,24.0,29,-34.068333,151.115833,0,0,0,2400.0
625,13244,Port Hacking,18.0,32.0,24,-34.069,151.1227,0,0,0,1700.0
626,10705,Burraneer,18.0,24.0,32,-34.06996,151.13664,0,0,0,2000.0
627,11883,Heathcote,17.0,7.0,24,-34.08506,151.00808,0,0,0,905.0
628,14182,Waterfall,22.0,42.0,25,-34.1424139,150.9918338,0,0,0,0.0
629,11974,Illawong,2.0,18.0,7,-34.00057,151.03587,0,0,0,1200.0
630,10031,Alfords Point,18.0,2.0,29,-33.9848,151.02142,0,0,0,1200.0
631,10193,Barden Ridge,18.0,2.0,42,-34.032,151.01,0,0,0,1200.0
632,12567,Menai,18.0,2.0,32,-34.0118,151.0089,0,0,0,1000.0
633,10177,Bangor,18.0,24.0,32,-34.01908,151.02735,0,0,0,1000.0
634,14420,Woronora,18.0,32.0,7,-34.02772,151.04152,0,0,0,1200.0
635,10469,Bonnet Bay,18.0,17.0,36,-34.01025,151.05238,0,0,0,1200.0
636,12001,Jannali,32.0,18.0,7,-34.01695,151.06522,0,0,0,1000.0
637,13112,Oyster Bay,18.0,32.0,7,-34.00754,151.07514,0,0,0,1200.0
638,10996,Como,32.0,7.0,18,-34.0045,151.06379,0,0,0,1200.0
639,12073,Kareela,32.0,18.0,7,-34.01503,151.08046,0,0,0,1100.0
640,12172,Kirrawee,32.0,7.0,18,-34.0357295,151.0707945,0,0,0,1100.0
641,13701,Sutherland,32.0,39.0,7,-34.0297415,151.059275,0,0,0,1100.0
642,12371,Loftus,32.0,42.0,24,-34.0465,151.0471,0,0,0,1000.0
643,11422,Engadine,32.0,42.0,24,-34.065722,151.012664,0,0,0,917.0
644,14485,Yarrawarrah,18.0,17.0,24,-34.0552,151.0321,0,0,0,1000.0
645,14422,Woronora Heights,18.0,17.0,7,-34.030434,151.030555,0,0,0,1100.0
